"0","c1<-4 ; c2<-6;c3<-10"
"0","N<-10000"
"0","N1 <- N*.3 "
"0","N2<- N*.25"
"0","N3<-.45*N"
"0",""
"0","AlDenominator <-((N1*sqrt(p1*q1))/(sqrt(c1))) + ((N2*sqrt(p2*q2))/(sqrt(c2))) + ((N3*sqrt(p3*q3))/(sqrt(c3)))"
"0","a1 <- ((N1*sqrt(p1*q1))/(sqrt(c1)))/AlDenominator"
"0","a2<- ((N2*sqrt(p2*q2))/(sqrt(c2)))/AlDenominator"
"0","a3<- ((N3*sqrt(p3*q3))/(sqrt(c3)))/AlDenominator"
"0","B<- 0.02;"
"0",""
"0","#Below is the line computing the sample numerator"
"0","SampleNum<- ((N1^2*p1*q1)/(a1)) + ((N2^2*p2*q2)/(a2)) +((N3^2*p3*q3)/(a3)) "
"0","#Below calculates the left side of the denominator"
"0","LeftDenom <- (B^2*N^2)/4"
"0","#Below computes the rightward sum of denominator"
"0","RightDenom <- (N1*p1*q1)+(N2*p2*q2)+(N3*p3*q3)"
"0","SampleSize <- SampleNum/(LeftDenom+RightDenom)"
"0",""
