{"chunk_definitions":[{"row":12,"row_count":1,"visible":true,"expansion_state":0,"options":{"include":false,"engine":"r","label":"setup","warning":false,"message":false,"tidy":false},"document_id":"2A7BB567","chunk_id":"csetup_chunk","chunk_label":"setup"},{"row":52,"row_count":1,"visible":true,"expansion_state":0,"options":{"engine":"r","label":"unnamed-chunk-1"},"document_id":"2A7BB567","chunk_id":"c8l4cl9qvp0w3","chunk_label":"unnamed-chunk-1"},{"row":178,"row_count":1,"visible":true,"expansion_state":0,"options":{"engine":"r","label":"unnamed-chunk-4"},"document_id":"7A12C42D","chunk_id":"cb8c1a4yf1obj","chunk_label":"unnamed-chunk-4"},{"row":202,"row_count":1,"visible":true,"expansion_state":0,"options":{"engine":"r","label":"unnamed-chunk-2"},"document_id":"7A12C42D","chunk_id":"cvmmp0qkf8u7k","chunk_label":"unnamed-chunk-5"},{"row":220,"row_count":1,"visible":true,"expansion_state":0,"options":{"engine":"r","label":"unnamed-chunk-3"},"document_id":"7A12C42D","chunk_id":"c2cbu44vzemns","chunk_label":"unnamed-chunk-6"},{"row":243,"row_count":1,"visible":true,"expansion_state":0,"options":{"engine":"r","label":"unnamed-chunk-6"},"document_id":"7A12C42D","chunk_id":"cf3au6yw12106","chunk_label":"unnamed-chunk-7"}],"doc_write_time":1615852811,"working_dir":null,"default_chunk_options":{"echo":true,"warning":false,"message":false,"tidy":false}}