{"chunk_definitions":[{"row":11,"row_count":1,"visible":true,"expansion_state":0,"options":{"engine":"r","label":"setup","include":false},"document_id":"8355ADCC","chunk_id":"csetup_chunk","chunk_label":"setup"},{"row":38,"row_count":1,"visible":true,"expansion_state":0,"options":{"engine":"r","label":"unnamed-chunk-14"},"document_id":"8355ADCC","chunk_id":"cjg0f8b0yn96t","chunk_label":"unnamed-chunk-1"},{"row":58,"row_count":1,"visible":true,"expansion_state":0,"options":{"engine":"r","label":"unnamed-chunk-15"},"document_id":"8355ADCC","chunk_id":"c1wkhogqakjwu","chunk_label":"unnamed-chunk-2"},{"row":68,"row_count":1,"visible":true,"expansion_state":0,"options":{"engine":"r","label":"unnamed-chunk-16"},"document_id":"8355ADCC","chunk_id":"c6hdrlry5b49h","chunk_label":"unnamed-chunk-3"},{"row":86,"row_count":1,"visible":true,"expansion_state":0,"options":{"engine":"r","label":"unnamed-chunk-17"},"document_id":"8355ADCC","chunk_id":"c9j6x3za93n0m","chunk_label":"unnamed-chunk-4"},{"row":147,"row_count":1,"visible":true,"expansion_state":0,"options":{"engine":"r","label":"unnamed-chunk-5"},"document_id":"8355ADCC","chunk_id":"c5vv4mfdykm16","chunk_label":"unnamed-chunk-5"},{"row":178,"row_count":1,"visible":true,"expansion_state":0,"options":{"engine":"r","label":"unnamed-chunk-11"},"document_id":"8355ADCC","chunk_id":"cj8cmcbrv231y","chunk_label":"unnamed-chunk-6"}],"doc_write_time":1617840609,"working_dir":null,"default_chunk_options":{"echo":true}}