"0",""
"0","MuX<-17 #given"
"0","N<- 700 #given population "
"0","n<-as.numeric(length((dogtimes$x))) #Sample size calculation "
"0",""
"0","#calculates b"
"0","b <- sum((dogtimes$y - mean(dogtimes$y))*(dogtimes$x - mean(dogtimes$x)))/((n-1)*(sd(dogtimes$x)^2));b"
"1","[1]"
"1"," 0.8872302"
"1","
"
"0","MuY <- mean(dogtimes$y)+b*(MuX-mean(dogtimes$x));MuY"
"1","[1]"
"1"," 17.2769"
"1","
"
"0","a<- mean(dogtimes$y)-b*mean(dogtimes$x)"
"0",""
"0","MSE<- (sum((dogtimes$y - (a+b*dogtimes$x))^2))/(n-2)"
"0","VarMuY <- (1-n/N)*(MSE/n); VarMuY"
"1","[1]"
"1"," 0.01519949"
"1","
"
"0","BMuY<- 2*sqrt(VarMuY); BMuY"
"1","[1]"
"1"," 0.2465724"
"1","
"
