{"chunk_definitions":[{"row":14,"row_count":1,"visible":true,"expansion_state":0,"options":{"include":false,"engine":"r","label":"setup","warning":false,"message":false,"tidy":false},"document_id":"89AC2B0F","chunk_id":"csetup_chunk","chunk_label":"setup"},{"row":86,"row_count":1,"visible":true,"expansion_state":0,"options":{"engine":"r","label":"unnamed-chunk-4"},"document_id":"89AC2B0F","chunk_id":"cz0mufx5wgkdw","chunk_label":"unnamed-chunk-2"},{"row":127,"row_count":1,"visible":true,"expansion_state":0,"options":{"engine":"r","label":"unnamed-chunk-14"},"document_id":"89AC2B0F","chunk_id":"csykw2bvy8277","chunk_label":"unnamed-chunk-3"},{"row":163,"row_count":1,"visible":true,"expansion_state":0,"options":{"engine":"r","label":"unnamed-chunk-17"},"document_id":"89AC2B0F","chunk_id":"ci7301ru9nux2","chunk_label":"unnamed-chunk-4"},{"row":195,"row_count":1,"visible":true,"expansion_state":0,"options":{"engine":"r","label":"unnamed-chunk-19"},"document_id":"89AC2B0F","chunk_id":"cgud3sfj62zk2","chunk_label":"unnamed-chunk-5"}],"doc_write_time":1617837055,"working_dir":null,"default_chunk_options":{"echo":true,"warning":false,"message":false,"tidy":false}}