{"chunk_definitions":[{"row":9,"row_count":1,"visible":true,"expansion_state":0,"options":{"engine":"r","label":"setup","include":false},"document_id":"9CA31A02","chunk_id":"csetup_chunk","chunk_label":"setup"},{"row":59,"row_count":1,"visible":true,"expansion_state":0,"options":{"engine":"r","label":"unnamed-chunk-16"},"document_id":"9CA31A02","chunk_id":"cwyavjrpd1le8","chunk_label":"unnamed-chunk-3"},{"row":100,"row_count":1,"visible":true,"expansion_state":0,"options":{"engine":"r","label":"unnamed-chunk-10"},"document_id":"9CA31A02","chunk_id":"czci1hx7osrq4","chunk_label":"unnamed-chunk-4"},{"row":108,"row_count":1,"visible":true,"expansion_state":0,"options":{"engine":"r","label":"unnamed-chunk-1"},"document_id":"9CA31A02","chunk_id":"co6mxfx25pncz","chunk_label":"unnamed-chunk-5"},{"row":124,"row_count":1,"visible":true,"expansion_state":0,"options":{"engine":"r","label":"unnamed-chunk-2"},"document_id":"9CA31A02","chunk_id":"ch3exl3hx6k3c","chunk_label":"unnamed-chunk-6"},{"row":143,"row_count":1,"visible":true,"expansion_state":0,"options":{"engine":"r","label":"unnamed-chunk-3"},"document_id":"9CA31A02","chunk_id":"clgk021uo70jf","chunk_label":"unnamed-chunk-7"},{"row":165,"row_count":1,"visible":true,"expansion_state":0,"options":{"engine":"r","label":"unnamed-chunk-5"},"document_id":"9CA31A02","chunk_id":"cmipco9t221e5","chunk_label":"unnamed-chunk-8"}],"doc_write_time":1619020638,"working_dir":null,"default_chunk_options":{"echo":true}}