"0","Xst <- (mean(B1$x)*N1 + mean(B2$x)*N2)/N"
"0","Yst<- (mean(B1$y)*N1 + mean(B2$y)*N2)/N"
"0","RhatC <- Yst/Xst ; RhatC"
"1","[1]"
"1"," 1.05492"
"1","
"
"0","TxCr <- 24500+21200"
"0","TyCR <- RhatC*TxCr; TyCR"
"1","[1]"
"1"," 48209.84"
"1","
"
"0","SrCRsq1 <- (sum((B1$y-RhatC*B1$x)^2))/(n1-1);SrCRsq1"
"1","[1]"
"1"," 159.2125"
"1","
"
"0","#SR_2^2 value "
"0","SrCRsq2 <- (sum((B2$y-RhatC*B2$x)^2))/(n2-1);SrCRsq2"
"1","[1]"
"1"," 58.32331"
"1","
"
"0","#Variance of the total total under  Y"
"0","VarCR<- N^2*((((N1/N)^2)*(1 - (n1/N1))*(SrCRsq1/n1)) + (((N2/N)^2)*(1 - (n2/N2))*(SrCRsq2/n2)));VarCR"
"1","[1]"
"1"," 562470.3"
"1","
"
"0","# bound on error of estimation below "
"0","BoundCR <- 2*sqrt(VarCR);BoundCR "
"1","[1]"
"1"," 1499.96"
"1","
"
