{"chunk_definitions":[{"row":13,"row_count":1,"visible":true,"expansion_state":0,"options":{"include":false,"engine":"r","label":"setup","warning":false,"message":false,"tidy":false},"document_id":"2A7BB567","chunk_id":"csetup_chunk","chunk_label":"setup"},{"row":68,"row_count":1,"visible":true,"expansion_state":0,"options":{"engine":"r","label":"unnamed-chunk-1"},"document_id":"2A7BB567","chunk_id":"cnp843buzsyju","chunk_label":"unnamed-chunk-2"}],"doc_write_time":1615343072,"working_dir":null,"default_chunk_options":{"echo":true,"warning":false,"message":false,"tidy":false}}