{"chunk_definitions":[{"row":13,"row_count":1,"visible":true,"expansion_state":0,"options":{"include":false,"engine":"r","label":"setup","warning":false,"message":false,"tidy":false},"document_id":"785C1F3D","chunk_id":"csetup_chunk","chunk_label":"setup"},{"row":35,"row_count":1,"visible":true,"expansion_state":0,"options":{"engine":"r","label":"unnamed-chunk-2"},"document_id":"785C1F3D","chunk_id":"c1k6dcw2hnxtx","chunk_label":"unnamed-chunk-1"},{"row":80,"row_count":1,"visible":true,"expansion_state":0,"options":{"engine":"r","label":"unnamed-chunk-4"},"document_id":"785C1F3D","chunk_id":"c35mwz69cz84f","chunk_label":"unnamed-chunk-2"},{"row":148,"row_count":1,"visible":true,"expansion_state":0,"options":{"engine":"r","label":"unnamed-chunk-6"},"document_id":"785C1F3D","chunk_id":"c21d27bih5496","chunk_label":"unnamed-chunk-5"},{"row":159,"row_count":1,"visible":true,"expansion_state":0,"options":{"engine":"r","label":"unnamed-chunk-7"},"document_id":"785C1F3D","chunk_id":"cy68wcnvva7nr","chunk_label":"unnamed-chunk-6"}],"doc_write_time":1616016449,"working_dir":null,"default_chunk_options":{"echo":true,"warning":false,"message":false,"tidy":false}}