"0","Pct <- c(12, 30, 24, 24, 18, 30, 12, 6, 36, 42)"
"0","Act <- c(18 ,42 ,24 ,36 ,24 ,36, 14 ,10 ,48 ,54)"
"0","#plot(Act~Pct, main=""ScatterPlot of Photo Count vs. Actual Count"",ylab = ""Actual Count"", xlab =""Photo Count"", pch= 4, col = ""red"")"
"0","N = 200 # Number of plots "
"0","n = 10 # number of plots"
"0",""
"0","rhat <- mean(Act)/mean(Pct) #r value"
"0",""
"0","SrSqu<- (1/(n-1))*(sum((Act-rhat*Pct)^2))"
"0",""
"0","TPct<- 4200"
"0","  "
"0","TAct<- rhat*TPct"
"0","fpc <- (1-n/N)"
"0","SrSqu<- (1/(n-1))*(sum((Act-rhat*Pct)^2))"
"0","VarAct <- N^2*fpc*(SrSqu/n)"
"0","BoundYnew <-2*sqrt(VarAct); BoundYnew"
"1","[1]"
"1"," 428.4381"
"1","
"
