{"chunk_definitions":[{"row":9,"row_count":1,"visible":true,"expansion_state":0,"options":{"engine":"r","label":"setup","include":false},"document_id":"9CA31A02","chunk_id":"csetup_chunk","chunk_label":"setup"},{"row":57,"row_count":1,"visible":true,"expansion_state":0,"options":{"engine":"r","label":"unnamed-chunk-16"},"document_id":"9CA31A02","chunk_id":"cwyavjrpd1le8","chunk_label":"unnamed-chunk-3"},{"row":97,"row_count":1,"visible":true,"expansion_state":0,"options":{"engine":"r","label":"unnamed-chunk-10"},"document_id":"9CA31A02","chunk_id":"czci1hx7osrq4","chunk_label":"unnamed-chunk-4"},{"row":105,"row_count":1,"visible":true,"expansion_state":0,"options":{"engine":"r","label":"unnamed-chunk-15"},"document_id":"9CA31A02","chunk_id":"co6mxfx25pncz","chunk_label":"unnamed-chunk-5"},{"row":121,"row_count":1,"visible":true,"expansion_state":0,"options":{"engine":"r","label":"unnamed-chunk-13"},"document_id":"9CA31A02","chunk_id":"ch3exl3hx6k3c","chunk_label":"unnamed-chunk-6"},{"row":140,"row_count":1,"visible":true,"expansion_state":0,"options":{"engine":"r","label":"unnamed-chunk-14"},"document_id":"9CA31A02","chunk_id":"clgk021uo70jf","chunk_label":"unnamed-chunk-7"}],"doc_write_time":1618761183,"working_dir":null,"default_chunk_options":{"echo":true}}