{"chunk_definitions":[{"row":14,"row_count":1,"visible":true,"expansion_state":0,"options":{"include":false,"engine":"r","label":"setup","warning":false,"message":false,"tidy":false},"document_id":"2A7BB567","chunk_id":"csetup_chunk","chunk_label":"setup"},{"row":54,"row_count":1,"visible":true,"expansion_state":0,"options":{"engine":"r","label":"unnamed-chunk-1"},"document_id":"2A7BB567","chunk_id":"c8l4cl9qvp0w3","chunk_label":"unnamed-chunk-1"},{"row":178,"row_count":1,"visible":true,"expansion_state":0,"options":{"engine":"r","label":"unnamed-chunk-4"},"document_id":"7A12C42D","chunk_id":"coic4qs7zj06q","chunk_label":"unnamed-chunk-4"}],"doc_write_time":1615753519,"working_dir":null,"default_chunk_options":{"echo":true,"warning":false,"message":false,"tidy":false}}