{"chunk_definitions":[{"row":13,"row_count":1,"visible":true,"expansion_state":0,"options":{"include":false,"engine":"r","label":"setup","warning":false,"message":false,"tidy":false},"document_id":"204530A1","chunk_id":"csetup_chunk","chunk_label":"setup"},{"row":126,"row_count":1,"visible":true,"expansion_state":0,"options":{"engine":"r","label":"unnamed-chunk-1"},"document_id":"204530A1","chunk_id":"ctp8azork8vcy","chunk_label":"unnamed-chunk-3"}],"doc_write_time":1615233884,"working_dir":null,"default_chunk_options":{"echo":true,"warning":false,"message":false,"tidy":false}}