{"chunk_definitions":[{"row":11,"row_count":1,"visible":true,"expansion_state":0,"options":{"engine":"r","label":"setup","include":false},"document_id":"8355ADCC","chunk_id":"csetup_chunk","chunk_label":"setup"},{"row":46,"row_count":1,"visible":true,"expansion_state":0,"options":{"engine":"r","label":"unnamed-chunk-4"},"document_id":"8355ADCC","chunk_id":"cjg0f8b0yn96t","chunk_label":"unnamed-chunk-1"},{"row":66,"row_count":1,"visible":true,"expansion_state":0,"options":{"engine":"r","label":"unnamed-chunk-7"},"document_id":"8355ADCC","chunk_id":"c1wkhogqakjwu","chunk_label":"unnamed-chunk-2"},{"row":76,"row_count":1,"visible":true,"expansion_state":0,"options":{"engine":"r","label":"unnamed-chunk-6"},"document_id":"8355ADCC","chunk_id":"c6hdrlry5b49h","chunk_label":"unnamed-chunk-3"},{"row":162,"row_count":1,"visible":true,"expansion_state":0,"options":{"engine":"r","label":"unnamed-chunk-2"},"document_id":"8355ADCC","chunk_id":"c5vv4mfdykm16","chunk_label":"unnamed-chunk-5"},{"row":193,"row_count":1,"visible":true,"expansion_state":0,"options":{"engine":"r","label":"unnamed-chunk-9"},"document_id":"8355ADCC","chunk_id":"cj8cmcbrv231y","chunk_label":"unnamed-chunk-6"}],"doc_write_time":1618279000,"chunk_rendered_width":400,"working_dir":null,"default_chunk_options":{"echo":true}}