{"chunk_definitions":[{"row":13,"row_count":1,"visible":true,"expansion_state":0,"options":{"include":false,"engine":"r","label":"setup","warning":false,"message":false,"tidy":false},"document_id":"785C1F3D","chunk_id":"csetup_chunk","chunk_label":"setup"},{"row":35,"row_count":1,"visible":true,"expansion_state":0,"options":{"engine":"r","label":"unnamed-chunk-2"},"document_id":"785C1F3D","chunk_id":"c1k6dcw2hnxtx","chunk_label":"unnamed-chunk-1"},{"row":80,"row_count":1,"visible":true,"expansion_state":0,"options":{"engine":"r","label":"unnamed-chunk-4"},"document_id":"785C1F3D","chunk_id":"c35mwz69cz84f","chunk_label":"unnamed-chunk-2"},{"row":145,"row_count":1,"visible":true,"expansion_state":0,"options":{"engine":"r","label":"unnamed-chunk-8"},"document_id":"E6F42A3E","chunk_id":"cpwq0py2a6diq","chunk_label":"unnamed-chunk-4"},{"row":212,"row_count":1,"visible":true,"expansion_state":0,"options":{"engine":"r","label":"unnamed-chunk-4"},"document_id":"E6F42A3E","chunk_id":"c2kornlayg13g","chunk_label":"unnamed-chunk-6"},{"row":221,"row_count":1,"visible":true,"expansion_state":0,"options":{"engine":"r","label":"unnamed-chunk-3"},"document_id":"E6F42A3E","chunk_id":"cbs18jkokxxq4","chunk_label":"unnamed-chunk-7"},{"row":234,"row_count":1,"visible":true,"expansion_state":0,"options":{"engine":"r","label":"unnamed-chunk-6"},"document_id":"E6F42A3E","chunk_id":"c3hogv2knwtz3","chunk_label":"unnamed-chunk-8"},{"row":257,"row_count":1,"visible":true,"expansion_state":0,"options":{"engine":"r","label":"unnamed-chunk-7"},"document_id":"E6F42A3E","chunk_id":"ccf31is959i4f","chunk_label":"unnamed-chunk-9"}],"doc_write_time":1616393712,"working_dir":null,"default_chunk_options":{"echo":true,"warning":false,"message":false,"tidy":false}}