{"chunk_definitions":[{"row":39,"row_count":1,"visible":true,"expansion_state":0,"options":{"engine":"r","label":"unnamed-chunk-56"},"document_id":"8355ADCC","chunk_id":"cjg0f8b0yn96t","chunk_label":"unnamed-chunk-1"},{"row":60,"row_count":1,"visible":true,"expansion_state":0,"options":{"engine":"r","label":"unnamed-chunk-57"},"document_id":"8355ADCC","chunk_id":"c1wkhogqakjwu","chunk_label":"unnamed-chunk-2"},{"row":70,"row_count":1,"visible":true,"expansion_state":0,"options":{"engine":"r","label":"unnamed-chunk-44"},"document_id":"8355ADCC","chunk_id":"c6hdrlry5b49h","chunk_label":"unnamed-chunk-3"},{"row":88,"row_count":1,"visible":true,"expansion_state":0,"options":{"engine":"r","label":"unnamed-chunk-65"},"document_id":"8355ADCC","chunk_id":"c9j6x3za93n0m","chunk_label":"unnamed-chunk-4"},{"row":144,"row_count":1,"visible":true,"expansion_state":0,"options":{"engine":"r","label":"unnamed-chunk-60"},"document_id":"8355ADCC","chunk_id":"c5vv4mfdykm16","chunk_label":"unnamed-chunk-5"},{"row":173,"row_count":1,"visible":true,"expansion_state":0,"options":{"engine":"r","label":"unnamed-chunk-64"},"document_id":"8355ADCC","chunk_id":"cj8cmcbrv231y","chunk_label":"unnamed-chunk-6"}],"doc_write_time":1617727546,"chunk_rendered_width":700}