"0","model1<-lm(Act~Pct)"
"0","# This creates "
"0","a <-  model1$coefficients[1];a<-as.numeric(a);a"
"1","[1]"
"1"," 1.130699"
"1","
"
"0","b<-model1$coefficients[2];b<-as.numeric(b);b"
"1","[1]"
"1"," 1.259372"
"1","
"
"0","MuX<-4200/200 #given Mu"
"0","N<- 200 #given population  of acres"
"0","n<-as.numeric(length((DeadFirs$x))) #Sample size calculation "
"0",""
"0","#calculates b"
"0","b <- sum((DeadFirs$y - mean(DeadFirs$y))*(DeadFirs$x - mean(DeadFirs$x)))/((n-1)*(sd(DeadFirs$x)^2))"
"0",""
"0",""
"0",""
"0","MuY <- mean(DeadFirs$y)+b*(MuX-mean(DeadFirs$x));"
"0","TauY <- N*MuY; TauY"
"1","[1]"
"1"," 5515.502"
"1","
"
"0","a<- mean(DeadFirs$y)-b*mean(DeadFirs$x)"
"0",""
"0","MSE<- (sum((DeadFirs$y - (a+b*DeadFirs$x))^2))/(n-2)"
"0","VarMuY <- (1-n/N)*(MSE/n); VarMuY"
"1","[1]"
"1"," 1.257812"
"1","
"
"0","VarTot<- (N^2)*VarMuY"
"0","BTotY<- 2*sqrt(VarTot); BTotY"
"1","[1]"
"1"," 448.6088"
"1","
"
