{"chunk_definitions":[{"row":13,"row_count":1,"visible":true,"expansion_state":0,"options":{"include":false,"engine":"r","label":"setup","warning":false,"message":false,"tidy":false},"document_id":"89AC2B0F","chunk_id":"csetup_chunk","chunk_label":"setup"},{"row":44,"row_count":1,"visible":true,"expansion_state":0,"options":{"engine":"r","label":"unnamed-chunk-8"},"document_id":"89AC2B0F","chunk_id":"cmxlp1ryh7o0z","chunk_label":"unnamed-chunk-1"}],"doc_write_time":1617166598,"working_dir":null,"default_chunk_options":{"echo":true,"warning":false,"message":false,"tidy":false}}