"0","ScoreData <- (readxl::read_excel('data/HW6Data.XLS'));"
"0",""
"0","#reads in data based of track / stores number of sampling units per "
"0","Track1 <- (na.omit(ScoreData$`Track I`)); T1L <- length(Track1)"
"0","Track2 <-  (na.omit(ScoreData$TrackII)); T2L <- length(Track2)"
"0","Track3 <-  (na.omit(ScoreData$TrackIII)); T3L <- length(Track3)"
"0","N<- 55+80+65 # total population of 6th grade "
"0","N1<- 55"
"0","N2<- 80"
"0","N3<- 65"
"0",""
"0","#computes the wieghted average with the stratifed formula"
"0","Xst <-(1/(N))*((N1*mean(Track1))+(N2*mean(Track2))+(N3*mean(Track3))); "
"0",""
"0","#FPC For each Strata"
"0","fpc1 <- (1-(T1L/N1))  # Track 1 FPC"
"0","fpc2 <- (1-(T2L/N2))  # Track 1 FPC"
"0","fpc3 <- (1-(T3L/N3)) # Track 3 FPC"
"0",""
"0","#variance "
"0","Varst <- (1/(N)^2)*(N1*(fpc1*sd(Track1)^2/T1L)+ N2*(fpc2*sd(Track2)^2/T2L)+N3*(fpc3*sd(Track3)^2/T3L) )"
"0","BdT <- 2*sqrt(Varst)"
