{"chunk_definitions":[{"row":14,"row_count":1,"visible":true,"expansion_state":0,"options":{"include":false,"engine":"r","label":"setup","warning":false,"message":false,"tidy":false},"document_id":"89AC2B0F","chunk_id":"csetup_chunk","chunk_label":"setup"},{"row":84,"row_count":1,"visible":true,"expansion_state":0,"options":{"engine":"r","label":"unnamed-chunk-4"},"document_id":"89AC2B0F","chunk_id":"cnxhtisectji4","chunk_label":"unnamed-chunk-2"}],"doc_write_time":1617240587,"working_dir":null,"default_chunk_options":{"echo":true,"warning":false,"message":false,"tidy":false},"chunk_rendered_width":700}